Event Details,Gradient,inputGrad,IntegratedGradients,deepLift,lime,kernalshap,occlusion
Receiving blk* src&dest:* ,1.1082347631454468,1.1082347631454468,-0.6700296401977539,1.1082357168197632,-0.5240795612335205,-0.007913271896541119,-0.5315074920654297
PktResponder* for blk* terminating,0.43677783012390137,0.43677783012390137,0.48825278878211975,0.4367780089378357,0.1490369588136673,0.03847826272249222,0.5463395118713379
PktResponder* Exception,0.1966656595468521,-0.1966656595468521,0.08423689007759094,-0.19666580855846405,0.0,0.010202600620687008,-0.11894559860229492
Exception in receiveBlock for blk*,0.06061797961592674,-0.06061797961592674,-0.003848801366984844,-0.06061801686882973,0.0,0.007081399671733379,-0.07870101928710938
writeBlock* received exception*,0.12295711785554886,0.12295711785554886,0.05200144648551941,0.12295718491077423,-0.008380361832678318,0.003666501957923174,0.11829652637243271
PktResponder* for blk* Interrupted,0.018185246735811234,-0.018185246735811234,-0.09740571677684784,-0.018185198307037354,0.0,0.006451019551604986,-0.006812572479248047
PktResponder* for blk* terminating,0.42243772745132446,0.42243772745132446,0.1666662096977234,0.42243802547454834,0.04120601713657379,-0.00015767017612233758,0.461217999458313
Exception in receiveBlock for blk*,0.04234624281525612,-0.04234624281525612,-0.04377984255552292,-0.0423462875187397,0.0,-0.008280590176582336,-0.06315358728170395
writeBlock* received exception*,0.029295803979039192,0.029295803979039192,0.0075648194178938866,0.029295839369297028,0.0,-0.007913273759186268,0.08509063720703125
PktResponder* for blk* terminating,0.04815378040075302,0.04815378040075302,0.04090825095772743,0.048153746873140335,0.0,-0.007913273759186268,0.44307947158813477
